MouseUniID,PepSeq,HumanUniID,PresentInHumanSeq
Q8K3K8,ADLLGIVSELQLK,Q96CV9,Yes
P10711,DTYVSSFPR,P23193,Yes
Q80XL6,AVLTVTQYR,Q709F0,No
Q8CI43,EAFELFDR,P14649,Yes
P48193,DVPIVHTETK,P11171,Yes
P63073,IVIGYQSHADTATK,P06730,Yes
D3Z6Q9,AGGAAGLFAK,Q9UBW5,Yes
Q9EPL9,TIFSTLENDPLFAR,O15254,No
P06151,VTLTPEEEAR,P00338,No
Q8BP40,APNGQRPVDR,Q9NPH0,No
P97497,VVLSQGPK,P04278,No
Q91WJ8,IGGNEGIDVPIPR,Q96AE4,Yes
P62748,LRPEVLQDLR,P37235,Yes
Q9R1P1,FGPYYTEPVIAGLDPK,P49720,Yes
Q64739,GANEDELSPETSPYVK,P13942,Yes
Q6ZQ38,IGEYLEK,Q86VP6,Yes
Q9Z1Q5,NSNPALNDNLEK,O00299,Yes
Q9QUR7,GDLGPFSR,Q13526,No
Q8BMS1,DGPGFYTTR,P40939,Yes
Q922H4,YLQEFAPLGTGGGLYHFR,Q96IJ6,Yes
P70389,DFALQNPGVVPR,P35858,No
Q8VDD5,TELEDTLDSTAAQQELR,P35579,Yes
Q64520,DYYFVTR,Q16774,Yes
P97927,LAALSIEESK,Q16363,No
O88543,VQLSGPQEAEK,Q9UNS2,Yes
Q8K4B0,YQADITDLLK,Q13330,Yes
Q01102,GITSLPAPAVR,P16109,No
P47199,AAQAHEDIIHGSGK,Q08257,No
P47802,NYVEVTR,Q13505,Yes
P28653,IQAIELEDLLR,P21810,Yes
Q91X72,GPDSVFLIK,P02790,No
Q9CY64,SLEDALR,P53004,No
Q8C5L6,DQLFIAK,Q9BT40,No
Q62087,FVYVADVTAK,Q15166,No
P70168,LAATNALLNSLEFTK,Q14974,Yes
Q61316,AGGIETIANEYSDR,P34932,Yes
Q9JHJ0,FGYQFTQQGPR,Q9NYL9,Yes
O88783,AEVDDVIQVR,P12259,Yes
P29788,IYVTGSLSHSAQAK,P04004,No
P00688,GSEYFGNGR,P19961,No
Q9DCW4,AGDLGVDLTSK,P38117,No
Q9Z130,DLTEYLSR,O14979,Yes
Q8CHP8,GETAVPGAPETLR,A6NDG6,No
O55042,TVEGAGNIAAATGFVK,P37840,No
Q8C7E7,EFVPVGK,O95210,No
P04117,LGVEFDEITADDR,P15090,No
Q9DB07,YTPQLIDLDHK,Q9NQC8,Yes
Q2NL51,VTTVVATVGQGPER,P49840,No
Q6P5E8,EGNLPSGAR,P52824,Yes
P62908,AELNEFLTR,P23396,Yes
Q9QYR9,ADAGGELNLAR,P49753,No
P12970,AGVNTVTTLVENK,P62424,Yes
P56480,IGLFGGAGVGK,P06576,Yes
Q8JZR0,EAILEDLQK,Q9ULC5,Yes
Q9QXY6,ELVNNLAEIYGR,Q9NZN3,Yes
Q7TQ62,ELYLTGNR,Q7Z5L7,No
Q91YH5,EQLQALIPYVLNPSK,Q6DD88,Yes
P48356,VTFSNLK,P48357,No
P26339,ELQDLALQGAK,P10645,Yes
Q8R121,LFDEINPETK,Q9UK55,Yes
Q9WVJ3,LGLLVDTVGPR,Q9Y646,No
P48754,AVVGIVSK,P38398,No
O70456,YLAEVATGDDK,P31947,Yes
Q06318,LVDTLPQETR,P11684,No
P11679,LEGLTDEINFLR,P05787,Yes
Q3TW96,EEEFSPLK,Q3KQV9,Yes
Q91W90,GYPTLLLFR,Q8NBS9,Yes
P47757,DIVNGLR,P47756,Yes
Q99L04,AGATVYITGR,Q96LJ7,Yes
P25444,EVATAIR,P15880,Yes
P35436,DLSFTEEGYQVHPR,Q12879,Yes
P49817,HLNDDVVK,Q03135,Yes
O09000,ELQPQADSGDSK,Q9Y6Q9,No
P06728,SLEDLNR,P06727,No
Q921I1,HQTVLDNTEGK,P02787,No
Q9JJU9,GEQFVLEK,P26998,Yes
Q9CZT5,ENHVVLASPEETR,Q6EMK4,No
Q8C633,TPTEADIFFGADNTIPK,Q96KC9,No
Q6PAM1,YAELLEEHR,P40222,Yes
P19096,VAEVLAGEGHLYSR,P49327,No
Q9CQV8,AVTEQGHELSNEER,P31946,Yes
P02525,ITIYDQENFQGK,P05813,Yes
Q8BH60,EHGVPILISEIHPGQPADR,Q9HD26,Yes
Q62523,FAPVVAPKPK,Q15942,No
Q9JKF6,RPYFTVDEAEAR,Q15223,Yes
Q9CPU0,VLGLTLLQK,Q04760,No
P09803,GLDFEAK,P12830,Yes
Q91XE4,ELNQLLGPK,Q96HD9,Yes
P54728,ILSDDTALK,P54727,No
O35098,LAEIHGVPR,O14531,Yes
P09528,SVNQSLLELHK,P02794,No
P15626,FLSKPIFAK,P09488,No
Q9DCS9,ELEQFTK,O96000,No
Q9CWQ3,TLDTNPYVK,Q9Y6H3,No
Q99N32,ALLDSLVLR,Q86Z14,No
P11798,ITQYLDAGGIPR,Q9UQM7,Yes
Q9DBL7,DGLSEAAAQSR,Q13057,Yes
Q9D8S3,EESIVSSLR,Q9NP61,Yes
Q8R2Z0,FSGLPDTLLPQEPSQR,Q5T7M4,No
Q9CQ60,LLSVPFEK,O95336,No
P18242,NIFSFYLNR,P07339,No
Q99JF8,DFKPGDLIFAK,O75475,Yes
Q8K0D2,DEIPHNDIALLK,Q14520,Yes
Q9EQW7,ELELNTK,Q9H1H9,Yes
Q9WVL3,DTTAAHQALLVAK,Q9Y666,Yes
Q923X1,ITFTLSHVK,Q9HBW9,No
Q9D1H9,GFYYSLK,P55083,Yes
Q63918,GIQNDLTK,O95810,Yes
Q6NVF9,GAAPNVVYTYTGK,Q16630,Yes
P08113,FQSSHHSTDITSLDQYVER,P14625,No
Q8QZY1,IQLLVFK,Q9Y262,Yes
P70375,SFSENTLAR,P08709,No
Q61781,ASLENNLEETK,P02533,No
Q505F5,NALGPGLSPELGPLPALR,Q8N1G4,Yes
Q8K3H0,YEVTEDVYTSR,Q9UKG1,Yes
Q9Z126,TISSGIHLK,P02776,No
Q9Z1Z0,ENFIEK,O60763,Yes
Q6A4J8,EVFGTFGIPFLLR,Q93009,Yes
P14069,LQDAEIAR,P06703,Yes
Q8BGD9,SILPTAPR,P23588,Yes
P49615,SFLFQLLK,Q00535,Yes
Q8VHH5,VGIVGNLSSGK,Q96P47,Yes
Q01730,DNDLISLPK,Q15404,Yes
Q91Z53,LPEAIEEVK,Q9UBQ7,Yes
Q8BH43,EEEVSLQGINTR,Q9Y6W5,Yes
Q8BHC1,AFTDLTR,Q96DA2,Yes
Q78IK4,DAYVYLK,Q6UXV4,Yes
Q62356,LSFQEFLK,Q12841,Yes
P97315,GESLGIK,P21291,Yes
Q9JHW2,ADLYTVESK,Q9NQR4,No
P60843,DQIYDIFQK,P60842,Yes
Q9R1P3,FILNLPTFSVR,P49721,Yes
P53798,YLNQTSR,P37268,Yes
Q91XV3,ETPAASEAPSSAAK,P80723,No
Q9Z2M7,IGVVGGSDFEK,O15305,Yes
P23242,SFPISHVR,P17302,Yes
A2AMM0,SVQIDLLK,Q5BKX8,Yes
P16858,VGVNGFGR,P04406,Yes
Q9Z2U1,EELEEVIK,P28066,Yes
Q00623,SNPTLNEYHTR,P02647,No
O55131,DVTNNVHYENYR,Q16181,Yes
Q9Z2W0,IPHLAIHLQR,Q9ULA0,Yes
P17809,VTILELFR,P11166,Yes
A6X935,TLFSVLPGLK,Q14624,No
Q6ZWN5,LFEGNALLR,P46781,Yes
P18337,EIEYLENTLPK,P14151,No
Q8VDQ8,IFSEATPR,Q8IXJ6,No
Q8R0Y6,ANATEFGLASGVFTR,O75891,Yes
Q7TPR4,LAILGIHNEVSK,P12814,Yes
P00329,GAIFGGFK,P00326,Yes
Q60750,LQPDTTYIVR,P21709,Yes
Q91VR2,VYGTGSLALYEK,P36542,No
Q8JZN5,NLSEFGLIQEK,Q9H845,No
P62267,GHAVGDIPGVR,P62266,Yes
P83917,NSDEADLVPAK,P83916,Yes
P68368,AVFVDLEPTVIDEIR,P68366,Yes
Q01853,LAGESESNLR,P55072,Yes
Q9QZE7,SFQQELDAR,Q99598,Yes
P26262,TGAISGHSLK,P03952,No
P11247,IANVFTNAFR,P05164,Yes
Q61129,TEGLVQVK,P05156,No
Q71KU9,IDLTDFEK,Q08830,No
Q9CR09,VVSEIPVLK,Q9Y3C8,Yes
P24529,EVYATLK,P07101,No
Q8CBB9,INFSGGEPFLQDR,Q8WXG1,Yes
P62082,AIIIFVPVPQLK,P62081,Yes
Q9D8E6,NIPGITLLNVSK,P36578,Yes
Q9WVJ2,YYQTIGNHASYYK,Q9UNM6,Yes
Q9CQC7,VSHIEDPALIR,O95168,No
Q99KJ8,LLHEVQELTTEVEK,Q13561,Yes
Q5SXJ3,ESASYSVTEVQLR,Q9BX63,Yes
Q9R111,NIEEVYVGGK,Q9Y2T3,Yes
P61971,LSSLPFQK,P61970,Yes
Q99KC8,IVAELQDK,O00534,Yes
Q99LD4,DSQTQAILTK,Q13098,Yes
P03995,LADVYQAELR,P14136,Yes
Q8R1U2,ASLEPEQEAGHQTEGK,Q99674,No
Q9JHH6,YGFLLPER,Q96IY4,Yes
Q8VCG4,FLFQVSR,P07360,No
P47878,FLNVLSPR,P17936,Yes
Q02053,LAGTQPLEVLEAVQR,P22314,Yes
P62270,VLNTNIDGR,P62269,Yes
Q9WUM4,HVFGQAVK,Q9ULV4,Yes
Q05816,ELGVGLALR,Q01469,No
P70441,SGLLAGDR,O14745,No
Q9CWZ7,LGLSLVVPGGGIK,Q99747,Yes
P40240,ELQEFYK,P21926,No
P17427,THIETVINALK,O94973,Yes
P63280,DHPFGFVAVPTK,P63279,Yes
P34057,LIQFEPQK,P35243,Yes
Q3U2P1,DLVQLPVVTSSTIVR,O95486,Yes
Q9D3A9,ALASIHSQLQGLER,Q9H313,No
Q9CYR6,IATLISSFLK,O95394,Yes
P10630,ETQALVLAPTR,Q14240,Yes
P28474,IDPSAPLDK,P11766,No
O88822,EIVFTVK,O75845,No
Q9DB29,GFSGYNTR,Q2TAA2,Yes
P97371,EPALNEANLSNLK,Q06323,Yes
Q3TJZ6,IEAINQAIANEYEVR,Q8NCA5,Yes
P68134,VAPEEHPTLLTEAPLNPK,P68133,Yes
Q8K4P0,TIDYNPSVIK,Q9C0J8,Yes
P0C6F1,GAYIPALLR,Q9P225,No
Q9JKX6,ELEEETGYK,Q9UKK9,Yes
Q6ZPJ3,SGYPDIGFPLFPLSK,Q9C0C9,Yes
P06802,AEYLHTWGGLLPVISK,P22413,Yes
Q9CWM4,LADIQIEQLNR,O60925,Yes
Q923D2,LQDVTDDHIR,P30043,No
P10605,NGPVEGAFTVFSDFLTYK,P07858,No
P05367,GNYDAAQR,P0DJI8,No
Q8K441,ELSVHVR,Q8N139,No
Q9D1Q6,NIIGYFEQK,Q9BS26,Yes
P40124,EPALLELEGK,Q01518,No
P10639,EAFQEALAAAGDK,P10599,No
Q91X17,VLNLGPITR,P07911,Yes
Q9D0E1,AFITNIPFDVK,P52272,Yes
O08914,QGLLYGVPVSLK,O00519,Yes
Q02105,FNSVVTNPQGHYNPSTGK,P02747,No
O09106,YYAVNYPLR,Q13547,Yes
Q64332,FPLIEQTYYPNHR,Q92777,No
P10493,YALSNSIGPVR,P14543,Yes
Q80TJ1,HLQDLFAPLVVR,Q9ULU8,Yes
O35639,TLINILTER,P12429,No
P61750,TTILYK,P18085,Yes
P07356,TPAQYDASELK,P07355,Yes
Q99LC5,AAAPGQLR,P13804,Yes
P11930,LENFASLSALYR,A8MXV4,No
P70202,FSVEEIIQK,Q9BS40,No
P15535,FDGLNSLTYK,P15291,No
Q5SUR0,FGEPVLAGFAR,O15067,Yes
E9Q414,LSLEDTPK,P04114,No
Q63836,LTGQIFLGGSIVR,Q13228,No
Q80XI3,ELEAASAPEER,O43432,Yes
Q6P8X1,NLVELAELELK,Q9UNH7,Yes
Q61830,AYLTTVEDR,P22897,No
O55023,LQVSQQEDITK,P29218,Yes
P63323,DVIEEYFK,P25398,Yes
Q9JHU9,SVLVDFLIGSGLK,Q9NPH2,Yes
O55013,LIEDFLAR,O43617,Yes
P16294,ASISYSSK,P00740,No
Q91WG8,EVGAFGTPVINLGTR,Q9Y223,Yes
Q9EP71,LLQAVENGDAEK,Q9P0K7,Yes
P16331,DFLGGLAFR,P00439,Yes
O88998,DLQYVEK,Q99784,Yes
Q99KQ4,AVPEGSVIPR,P43490,No
P70349,IIFEDDR,P49773,Yes
Q3U1J4,LEELHVIDVK,Q16531,Yes
P46978,ENDYYTPTGEFR,P46977,Yes
P61205,TTILYK,P61204,Yes
Q08761,FSAEFDFR,P07225,Yes
Q9D1A2,TVFGVEPDLTR,Q96KP4,Yes
Q3UHD3,IDQNTVVTR,Q5JR59,Yes
Q5SSL4,GIEEVGIYR,Q12979,Yes
P30412,TVENFVALATGEK,P45877,Yes
Q921I1,IPSHAVVAR,P02787,No
Q80YR5,GEPVISVK,Q14151,Yes
Q9DBG6,TGQEVVFVAEPDNK,P04844,Yes
P06745,AVLHVALR,P06744,Yes
Q61207,TVVTEAGNLLK,P07602,No
Q6P1B1,GSLTFEPLTLVPIQTK,Q9NQW7,Yes
P47880,ENEEAPLR,P24592,No
Q8BZH1,TIPHLTK,P49221,No
P32020,IGGIFAFK,P22307,Yes
P35505,ASSIVVSGTPIR,P16930,No
Q8K310,FDSEYER,P43243,Yes
Q8BSY0,LVQLFPSDTTLK,Q12797,No
Q3URD3,DDLQGTQSETEAK,Q14BN4,No
P51881,AAYFGIYDTAK,P05141,Yes
Q9JHI5,TDLTAVPASR,P26440,No
P17182,EIFDSR,P06733,Yes
Q68FL4,IVLLAEGR,Q96HN2,Yes
Q9Z1T2,AFSGLTQNPESIELR,P35443,No
Q9JK37,VELGIDLLAYGAK,Q9NP98,No
P07724,LVQEVTDFAK,P02768,No
Q3TMH2,NISNQLSITTK,Q0VDG4,Yes
P47791,VGIQTDEK,P00390,No
Q9QZM0,NQDLALSNLESIPGGYNALR,Q9UHD9,Yes
P25785,EYLIAGK,P16035,Yes
O54984,LLNFPTIVER,O43681,Yes
P28650,VVDLLATDADIVSR,Q8N142,No
P50516,VGHSELVGEIIR,P38606,Yes
P07310,FEEILTR,P06732,Yes
Q9WUU7,VGDYGSLSGR,Q9UBR2,Yes
Q9Z1G4,HLGTLNFGGIR,Q93050,Yes
P05064,VLAAVYK,P04075,Yes
P42703,NTETNVFPQDK,P42702,No
Q99KY4,GQLVEFLK,O14976,Yes
P97953,SIDNEWR,P49767,Yes
Q9JHR7,LHIEALLHGNITK,P14735,Yes
Q3UJU9,AEELQPGFSK,Q96TC7,Yes
P26043,AFAAQEDLEK,P35241,Yes
P70414,GNVIIPYK,P32418,No
Q60994,SAFSVGLETR,Q15848,No
Q3UMC0,ALANESGLNFLAIK,Q8NB90,Yes
Q9EQK5,IEGEGSVLQAK,Q14764,Yes
P84091,LNYSDHDVIK,Q96CW1,Yes
Q80X90,VVASGPGLEHGK,O75369,Yes
Q9JJW5,FNTTAVPK,Q9NPC6,Yes
Q99MZ7,LTAAVDELR,Q9BY49,No
Q02819,VNVPGSQAQLK,Q02818,Yes
Q9R1P0,VEIATLTR,P25789,Yes
O35295,VSEVKPSYR,Q96QR8,Yes
P48678,TLEGELHDLR,P02545,Yes
Q9WUZ5,VEVVDEER,P19237,Yes
O70362,LGTSLSSGYVR,P80108,No
Q71LX4,NLATSLAELR,Q9Y4G6,Yes
Q6PD03,GVIVESAYSDIVK,Q15172,Yes
P00375,LLPEYPGVLSEVQEEK,P00374,No
O89112,AFPNPYADYNK,O43813,Yes
P01887,TPQIQVYSR,P61769,No
Q62188,QIGDNLIVPGGVK,Q14195,Yes
P70699,GTRPFVISR,P10253,Yes
P13595,GLGEISAATEFK,P13591,No
Q99K51,VYALPEDLVEVKPK,P13797,Yes
P50396,VVEGSFVYK,P31150,Yes
Q9WUA2,LGVLHPDVITK,Q9NSD9,Yes
Q9D1K2,DTTINEIEDTFR,Q16864,Yes
P28654,DLHTLILVNNK,P07585,No
Q62178,ALSFFQQK,Q9H3S1,No
P52430,YVYIAELLAHK,P27169,Yes
P70694,IAIDAGFR,P17516,No
P50171,SALALVTGAGSGIGR,Q92506,Yes
P37804,AAEDYGVIK,Q01995,Yes
Q8K009,ADPLALAAEK,Q3SY69,Yes
P97372,DEAAYGALR,Q9UL46,No
P47941,IGDQEFDHLPALLEFYK,P46109,Yes
Q9CR16,VFFDVDIGGER,Q08752,Yes
P39876,YQYLLTGR,P35625,Yes
Q91VW3,VYSTSVTGSR,Q9H299,Yes
P62631,YYITIIDAPGHR,Q05639,Yes
P06869,ESESDYLYPK,P00749,No
P08226,TANLGAGAAQPLR,P02649,No
P11352,AHPLFTFLR,P07203,No
P63325,IAIYELLFK,P46783,Yes
Q9EQH3,SDDPDQQYLILNTAR,Q96QK1,No
Q9R182,GQINDIFQK,Q9Y5C1,Yes
O35955,DGVILGADTR,P40306,Yes
P08121,GGAGPPGPEGGK,P02461,Yes
Q6GQT1,IQEEGTGVEETGK,P01023,No
P49222,SVLPISQTQAAQEGALLYK,P16452,No
O09131,EALENEFK,P78417,No
Q8VCN5,AVAALDGAK,P32929,Yes
P21550,GNPTVEVDLHTAK,P13929,Yes
Q61425,DTPGFIVNR,Q16836,Yes
P62754,LIEVDDER,P62753,Yes
P14733,IESLSSQLSNLQK,P20700,Yes
P20152,EEAESTLQSFR,P08670,No
Q64442,AVEAFETAK,Q00796,No
Q8R429,EFDDLPLAEQR,O14983,Yes
P35569,HLVALYTR,P35568,Yes
Q60636,TFGQLSNLK,O75626,Yes
P97807,YYGAQTVR,P07954,Yes
P57722,IVTITGPTDAIFK,P57721,Yes
Q6PHN9,DYDHLFK,Q15286,Yes
Q9R0B6,AYEITYVR,Q9Y6N6,Yes
Q60673,AEGPALFSR,Q16849,No
Q3UGY8,HSFSAGPELLR,Q5TH69,Yes
P97447,AIVAGDQNVEYK,Q13642,Yes
O08997,AVSYLGPK,O00244,No
Q3V0K9,EELEELQEAFNK,Q14651,Yes
Q9D1C8,EDRPITIK,Q9UK41,Yes
O88968,IDSQLVEK,P20062,No
P35455,LVQLAGTR,P01185,No
Q00PI9,NYYGYQGYR,Q1KMD3,Yes
P17710,SANLVAATLGAILNR,P19367,Yes
Q9Z1N5,VAVFFGGLSIK,Q13838,Yes
Q9JMD3,ESVQVPDDQDFR,Q9Y365,Yes
Q05421,LHEEIDR,P05181,Yes
Q6NVD9,AEAGALLQAK,Q13515,No
Q3UV17,AQYEDIAQK,Q01546,No
Q61554,AGYQSTLTR,P35555,Yes
P04345,SIPYTSSHR,P11844,No
Q60994,AVLFTYDQYQEK,Q15848,No
Q03958,LDYITAEIK,O15212,Yes
P13634,VLDALNSVK,P00915,No
Q8CAY6,ILVTLLHTLER,Q9BWD1,Yes
A2A5R2,EIIEHGIELFNK,Q9Y6D5,Yes
O35309,GQALITFEK,Q13287,Yes
Q9JHW2,AVDNQVYVATASPAR,Q9NQR4,Yes
P62774,NGDLDEVK,P58546,Yes
Q00519,NNSFYGPEVK,P47989,No
Q810A7,DIPVLVATDVAAR,Q86XP3,Yes
O89051,NLLELLINIK,Q9Y287,Yes
P28271,YQQAGLPLIVLAGK,P21399,Yes
Q9D892,IDLPEYQGEPDEISIQK,Q9BY32,Yes
Q3V1L4,KPLFFGEGTVLR,P49902,Yes
P12246,SQSLFSYSVK,P02743,No
P21981,YPEGSPEER,P21980,No
Q921F2,FTEYETQVK,Q13148,Yes
P47911,YYPTEDVPR,Q02878,Yes
Q80YN3,TLVSPNK,O75363,Yes
P51174,TVAHIQTVQHK,P28330,No
Q9CR86,LQAVEVVITHLAPGTK,Q9Y2V2,Yes
Q9WVC5,FLDSAEYGNIPVVR,Q9HCX4,Yes
P16015,GDNQSPIELHTK,P07451,No
O08677,ATSQVVAGTK,P01042,No
Q6PDI5,TEALSVVELLLK,Q5VYK3,No
P51863,LLFEGAGSNPGDK,P61421,Yes
P31324,SEVEENGAVEIAR,P31323,Yes
Q08091,GPAYGLSAEVK,P51911,Yes
P06909,TGEQVTFR,P08603,No
Q70IV5,AALEALLGR,O15061,Yes
P16301,VSNAPGVQIR,P04180,Yes
Q91V98,ELGGNLATPR,Q9HCU0,No
O09172,IVAIGTSDLDK,P48507,Yes
Q8BLF1,VTDTDFDGVEVR,Q6PIU2,Yes
Q9CYH2,AALEYLEDIDLK,Q9BRX8,Yes
Q63961,ILPGSEAGPR,P17813,No
Q9CWJ9,HVSPAGAAVGVPLSEDEAR,P31939,No
Q9R0P5,HEYQANGPEDLNR,P60981,No
Q9DB50,ELVQTVLAR,P56377,Yes
Q80XD8,ALEPLEK,Q96NZ9,No
O88947,TGIVSGFGR,P00742,Yes
Q99LI8,VEGHVFPEFK,O14964,Yes
Q91Y86,NIIGLLNVFTPQK,P45983,Yes
O88342,FTIGDHSR,O75083,Yes
Q3TXS7,DTSEDVEELVEPVAAHGPK,Q99460,No
Q8VC12,LLALEFAQELR,Q96N76,No
Q9D8Y0,LSEIDVSTEGVK,Q96C19,No
Q61268,TQAWLQSSR,P55056,No
P48759,LAADTVVSLGR,P26022,No
P84096,EQGQAPITPQQGQALAK,P84095,Yes
Q9Z0M6,TLAQFLPK,P48960,No
Q9QXT0,INPDGSQSVVEVPYAR,Q9Y2B0,Yes
Q9CZ44,TGFSLDNGDLR,Q9UNZ2,No
P08249,NSPLVSR,P40926,Yes
Q9CWS1,LVTFSISQK,Q8IUD6,No
P30681,IEHPGLSIGDTAK,P26583,No
Q3UZ09,VVVHPDYR,Q9NZP8,Yes
Q61247,NPNPSALPQLQEQR,P08697,No
P29533,LHIDQIDSTLK,P19320,No
Q8K010,LLSEDPANYADAPTEGIR,O14841,Yes
P47754,EGAAHAFAQYNLDQFTPVK,P47755,Yes
Q9D7H3,AFVAGVLPLK,O00442,No
P04919,YHPDVPFVK,P02730,No
Q91YQ5,VTAEVVLVHPGGGSTSR,P04843,No
Q9QZD9,SGEVLVNVK,Q13347,Yes
P56380,ELNYVAR,P50583,Yes
P54869,YTVGLGQTR,P54868,Yes
Q64514,DLPFIVSHR,P29144,Yes
P70274,QVSEHIAVYR,P49908,No
P11087,GFSGLDGAK,P02452,Yes
Q9CQ06,DTSVEDALER,Q96A35,Yes
Q9JHU4,VNFLPEIITLSK,Q14204,Yes
A2ADY9,VLVEQQQDR,Q5TDH0,Yes
P55096,EYLDNVQLGHILER,P28288,Yes
Q9Z2I0,DFSAFFQK,O95202,No
Q9Z1R3,ETGQGYQR,O95445,Yes
Q62165,LVPVVNNR,Q14118,Yes
Q06770,DTPLTLTVLHK,P08185,No
Q9R059,TLTQGGVTYR,Q13643,Yes
Q8CFG8,GDSGGAFAFQVPNVK,P09871,No
P30999,FVGDADLER,O60716,Yes
P06684,VTFSSGYVNLSPENK,P01031,No
Q9R0Q6,TLESSIQGLR,Q92747,Yes
P38060,SIVPTPVK,P35914,No
P01029,DHAVDLIQK,P0C0L5,Yes
P80314,LALVTGGEIASTFDHPELVK,P78371,Yes
Q6PIP5,LFVLTTK,Q96RS6,Yes
O09061,EETVPLR,P20618,No
P14106,VITNANENYEPR,P02746,No
F6SEU4,AGYVGLVTVPVATLAGR,Q96PV0,Yes
Q8C255,LTLEQIDLIR,Q9H4A9,Yes
Q9R0P4,LVIGDHK,O00193,Yes
O35864,LEQSEAQLGR,Q92905,Yes
P55284,SIGYSIR,P33151,Yes
Q9JI11,LGEGSYGSVYK,Q13043,Yes
Q6PDF3,TEFLPTK,Q8N434,Yes
P21460,ALDFAVSEYNK,P01034,No
Q6P3A9,TTILYK,Q969Q4,No
Q8K023,GIVALAK,P42330,No
P06467,VDPVNFK,P02008,Yes
P46664,FIEDELQIPVK,P30520,Yes
P41105,TVGVEPAADGK,P46779,Yes
Q8BMF4,DIDSFVPSK,P10515,Yes
Q6F3F9,TIDELAFK,Q86SQ4,Yes
Q9JKV1,GDVEAFAK,Q16186,Yes
Q9EPQ7,DFVDLVLVK,Q9NSY2,Yes
Q0HA38,LLLQDNHNVEALR,Q7Z4L5,No
Q8BGC0,LLDEDEIR,O43719,Yes
Q60668,LDPITGR,Q14103,Yes
P42932,FAEAFEAIPR,P50990,Yes
P42225,ELSAVTFPDIIR,P42224,Yes
Q62348,VVQSLEQTAR,Q15631,Yes
Q9R0S3,YGLPYEDR,Q9ULZ9,No
P62137,LNLDSIIGR,P62136,Yes
P16125,IVVVTAGVR,P07195,Yes
P97321,LGVYEVEDQLTAVR,Q12884,No
P35980,TAVVVGTVTDDVR,Q07020,No
Q9Z1G3,GVTQIDNDLK,P21283,Yes
O55142,DETEFYLGK,P18077,Yes
P50405,VQAVIPK,P07988,No
Q80WJ7,TELGLDLGLEPK,Q86UE4,Yes
O35887,HLVYESDQNK,O43852,Yes
P35293,ILIIGESGVGK,Q9NP72,Yes
P11983,LLEVEHPAAK,P17987,Yes
Q8BND5,EFNIAGFPTVR,O00391,No
P56395,FLEEHPGGEEVLR,P00167,Yes
Q9Z2D1,GTLTVTSYR,Q13614,No
Q99MN1,IAPELYHK,Q15046,Yes
P09036,IEPVLIR,P00995,No
Q8VCS0,VFTLLDPQASR,Q96PD5,No
Q8C1Z7,SLFLLGK,Q96RK4,Yes
Q9DCC4,IAAQTLLGTAK,Q53H96,Yes
Q9QUJ7,ALLGGNVR,O60488,Yes
Q3UGR5,LLLDGAPLIAIHK,Q9H0R4,Yes
P10922,VGENADSQIK,P07305,Yes
P97872,HGYPIDLLLSSR,P49326,No
O55143,IGIFGQDEDVTSK,P16615,Yes
O08709,LSILYPATTGR,P30041,Yes
Q68FD5,NNLAGAEELFAR,Q00610,Yes
Q9D8W5,IYVEIER,O00232,Yes
O35350,YLGQDYETLR,P07384,No
P70695,EAVITAQER,O00757,No
E9Q555,NLEQVLR,Q63HN8,No
Q9JLV5,GLTEQEVETILDK,Q13618,Yes
Q9Z0T6,GLPGVLR,Q9NTG1,No
P61620,AFSPTTVNTGR,P61619,Yes
O70497,VDLSDFEGK,O00602,No
Q8VCI0,LGLDYSYDLAPR,Q6P4A8,Yes
O35638,ITELFAVALPQLLAK,Q8N3U4,Yes
Q9WV92,VLQETILVEER,Q9Y2J2,No
Q60854,TGTQYLLR,P35237,Yes
Q91Y47,TSESGLPSTR,P03951,Yes
Q6WVG3,DLQLVLPDYFPER,Q96CX2,Yes
O09167,GDIVDIK,P46778,Yes
P70402,SGDQDSILFIR,Q13203,No
P98086,DQPRPAFSAIR,P02745,Yes
P60229,YLTTAVITNK,P60228,Yes
P62281,DYLHYIR,P62280,Yes
P63268,VAPEEHPTLLTEAPLNPK,P63267,Yes
P70296,LYEQLSGK,P30086,Yes
Q99L45,DYTYEELLNR,P20042,Yes
P34927,DLTEDHSSLLLHVK,P07306,No
P70406,GTSPNVAR,P55851,Yes
P55065,VTSAALDLVK,P55058,No
Q61990,IITLAGPTNAIFK,Q15366,Yes
P14211,GQTLVVQFTVK,P27797,Yes
Q9WUM4,YFEITDESPYVHYLNTFSSK,Q9ULV4,Yes
P61982,AYSEAHEISK,P61981,Yes
Q9CR00,ADVDLYQVR,O00233,No
Q8BSS9,LELAEQK,O75334,Yes
Q60928,VAPSPANFIKPGK,P19440,No
P28658,ALTALFK,Q9UBB4,Yes
P24815,SPFIFNAIIR,P26439,No
O08742,HHPDILGR,P40197,No
Q64374,ITGLGVK,Q15493,Yes
P12970,NFGIGQDIQPK,P62424,Yes
P19973,SQPTLPISTIDER,P33241,No
P97311,DFYVAFQDLPTR,Q14566,Yes
P54822,AFIITGQTYTR,P30566,Yes
Q91VD9,FASEIAGVDDLGTTGR,P28331,Yes
Q9DBE0,FYDVALDTGDK,Q9Y600,Yes
P42125,NVQELWLR,P42126,No
Q78PG9,LSSAHVYLR,Q86WR0,Yes
P53026,ILGPGLNK,P62906,Yes
P43883,DSVASTVSGVVDK,Q99541,No
Q8BYI9,VATHLSTPQGLQFK,Q92752,Yes
Q8VEK3,DIDIHEVR,Q00839,Yes
P35385,EDGSLTIR,Q9UBY9,Yes
O08689,EQIIYGK,O14793,Yes
Q78IK2,YFNSYTLTGR,Q96IX5,Yes
Q8K183,VLSIQSHVVR,O00764,No
Q63810,DTQLQQIVDK,P63098,Yes
Q9JKB3,GAEAANVTGPDGVPVEGSR,P16989,Yes
Q8BVI4,EGGLLTLAGAK,P09417,Yes
Q3TPX4,LHLIAQELPFDR,O00471,Yes
O35930,LENLDLSHNNLK,P07359,No
P20918,EAQLPVIENK,P00747,Yes
P35822,VLLTRPGEGGTGLPGPPLITR,Q15262,Yes
Q6NZC7,GFFNIYHPLDPVAYR,Q9Y6Y8,Yes
P56812,LAELQAK,O14737,Yes
Q61704,EVSFDVELPK,Q06033,Yes
Q9WV32,NSVSQISVLSGGK,O15143,Yes
O35490,EAYNLGVR,Q93088,Yes
P31725,SITTIIDTFHQYSR,P06702,No
Q9JJV1,GYQYVLER,P53672,Yes
P26231,HVNPVQALSEFK,P35221,Yes
Q8BFW7,PTFNVQVK,Q93052,Yes
Q9QXC1,NTAPTSSPSVTAPR,Q9UGM5,No
P70312,LTYPGIK,Q92819,Yes
P08122,SVSIGYLLVK,P08572,Yes
Q80W65,GTSLHSLR,Q8NBP7,No
Q60864,LDPQNHVLYSNR,P31948,No
Q69ZU6,GEEGIQVR,Q9UPZ6,Yes
O88844,GLPNVQR,O75874,Yes
P06909,VEYSHGEVVK,P08603,No
Q921M7,DAEGILEDLQSYR,Q9NUQ9,Yes
Q8VI63,ELVVLPR,Q70IA6,Yes
O09164,SVVVHAGEDDLGK,P08294,No
Q9D666,LAELTVLLQK,O94901,No
Q8R242,NIIDPTFR,Q01459,No
Q9Z1D1,ELAEQLGLSTGEK,O75821,Yes
Q9D7G0,LNVDFALIHK,P60891,Yes
Q99MW1,YIDYGNTEILNR,Q9BXU1,Yes
P84078,TTILYK,P84077,Yes
Q8BU14,VDYFIASK,Q99442,Yes
Q8BTZ7,FVEKPQVFVSNK,Q9Y5P6,Yes
P31230,GAPFEVK,Q12904,No
Q60865,YQEVTNNLEFAK,Q14444,Yes
P62331,TTILYK,P62330,Yes
Q9D7X3,LGITHVLNAAEGR,P51452,Yes
P62900,LYTLVTYVPVTTFK,P62899,Yes
P10923,GDSLAYGLR,P10451,No
Q9Z1Q9,VPLEVQEADEAK,P26640,Yes
Q62077,LTDLEQR,P19174,Yes
Q9WTR5,INENTGSVSVTR,P55290,Yes
P57759,SLNILTAFR,P30040,No
P32233,IQLLDLPGIIEGAK,Q9Y295,Yes
Q9CU62,VVQLHEYSEELEK,Q14683,Yes
P17156,EIAEAYLGGK,P54652,Yes
Q02858,YIGGNLFTSAFTR,Q02763,Yes
Q62469,FVTGLDIGPK,P17301,No
Q9EPB5,ALQGYYDVR,Q9H4I8,No
Q99K82,ISLYSK,Q9NWM0,Yes
Q6P1F6,VVIFQQEQENK,P63151,Yes
P18760,NIILEEGK,P23528,Yes
P17751,SNVNDGVAQSTR,P60174,No
O88703,GIDSEVYK,Q9UL51,Yes
P70372,SLFSSIGEVESAK,Q15717,Yes
P55066,ELGGEVFYVGPAR,O14594,Yes
D3Z7P3,YAIAVNDLGTEYVHR,O94925,Yes
Q6A065,TLPQLPNEEK,Q5SW79,Yes
P14847,AFVFPK,P02741,Yes
Q62419,ASQLVSEK,Q99961,Yes
Q9CPP6,YTEQITNEK,Q16718,Yes
P54729,ELYIDPSK,Q9Y5A7,Yes
Q9Z315,DLQGLTVEHAIDSFR,O43290,Yes
P10518,LAEVALAYAK,P13716,Yes
P62962,SSFFVNGLTLGGQK,P07737,No
Q62446,NAKPLSFK,Q00688,Yes
P62806,VFLENVIR,P62805,Yes
Q8BH61,FQEGQEEER,P00488,Yes
A2ARV4,VTLITENLGHPR,P98164,Yes
Q8VDM4,VGQAVDVVGQAGKPK,Q13200,Yes
Q9Z1S8,ELQDSFVFDIK,Q9UQC2,Yes
Q64435,EIVEHLSER,P19224,No
P51885,FTGLQYLR,P51884,No
Q9DCX2,AIGNALK,O75947,No
Q8CFG9,GYGFYTK,P00736,Yes
P47878,FHPLHAK,P17936,No
Q9QXX4,YLNIFGESQPNPK,Q9UJS0,Yes
Q62351,VEYHFLSPYVSPR,P02786,No
O35129,IGGVQQDTILAEGLHFR,Q99623,Yes
O70370,YIQLPFGDEDALK,P25774,No
O70251,ASLPGVK,P24534,Yes
P37040,FAVFGLGNK,P16435,Yes
P02469,YSDIEPSTEGEVIFR,P07942,Yes
P60229,QLQAETEPIVK,P60228,Yes
Q9D154,TYNFLPEYLASTQK,P30740,No
P51410,DFNHINVELSLLGK,P32969,Yes
Q61937,TVSLGAGAK,P06748,Yes
Q91YR9,SLEEALR,Q14914,No
Q283N4,LTDLLGAHSHSAR,A6NGE7,No
P27612,IGDVVGSSGANQQTSGK,Q9Y263,Yes
O70404,GENLDHLR,Q9BV40,No
Q07417,ELVPIAAQLDR,P16219,No
Q91YQ1,YSQDSFSK,O14966,Yes
P62918,AVVGVVAGGGR,P62917,Yes
O09159,GVSEPLLETDTGDK,O00754,No
Q9CQF9,YQSHDYAFSSVEK,Q9UHG3,Yes
Q9EQP2,LFEAEAQDLFR,Q9H223,Yes
P14131,GPLQSVQVFGR,P62249,Yes
Q8VCT4,SFSTVPYIVGINK,P23141,No
P21956,FEFIQDESGGDK,Q08431,No
P40142,AVELAANTK,P29401,Yes
Q9ERS2,VGESVFHTTR,Q9P0J0,Yes
Q61508,AGPAVPQEAIPLQK,Q16610,No
Q61362,LLLSAALSAGK,P36222,Yes
P61979,IDEPLEGSEDR,P61978,Yes
P06683,TENYDEHLEVFK,P02748,No
P63101,FLIPNASQPESK,P63104,No
Q8BG32,YQEALHLGSQLLR,O00231,Yes
P61148,LEENHYNTYTSK,P05230,No
Q99L47,AIEINPDSAQPYK,P50502,Yes
Q3UBX0,ETSADILTQIGR,Q9BVC6,No
Q61656,FVINYDYPNSSEDYIHR,P17844,Yes
Q9JIL4,INGVFVDK,Q5T2W1,Yes
Q02257,HVAAGTQQPYTDGVR,P14923,Yes
P48036,ETSGNLEQLLLAVVK,P08758,Yes
P27659,VAFSVAR,P39023,Yes
P57080,LTDFLPK,Q9UHP3,Yes
Q8BSM7,LIGLALDHK,O75387,No
P99024,ALTVPELTQQVFDAK,P07437,Yes
P34914,FLLDTLK,P34913,Yes
Q78ZA7,EAATVEELNPK,Q99733,No
P56695,SAGEAAAPEPR,O76024,No
O88351,DLKPENIVLQQGEK,O14920,No
Q61702,FAHYVITSQVVNNADK,P19827,No
P18572,VLQEDTLPDLHTK,P35613,No
P48771,GGASDALLYR,P14406,No
Q9JK53,NQLEEVPSALPR,P51888,Yes
Q91ZX7,TNTQPFDLQVYHPSR,Q07954,Yes
Q9DBP5,SVDEVFGEVVK,P30085,No
P50518,GALFGANANR,P36543,Yes
P61211,ILILGLDGAGK,P40616,Yes
Q8R1S0,VALIGDAAHR,Q9Y2Z9,Yes
Q8K354,TNFFATR,O75828,Yes
P11276,SYTITGLQPGTDYK,P02751,Yes
P46096,VFVGYNSTGAELR,P21579,Yes
P80316,DVDFELIK,P48643,Yes
O35643,APEVSQHVYQAYETILK,Q10567,Yes
O35469,SPFISNTIITALK,P14060,No
Q8BWT1,TNVSGGAIALGHPLGGSGSR,P42765,No
P11859,TLHDQLVLAAEK,P01019,No
P14206,FAAATGATPIAGR,P08865,Yes
Q99020,GFVFITFK,Q99729,Yes
P45952,TRPTVAAGAVGLAQR,P11310,No
Q61599,YVQHTYR,P52566,Yes
Q9R0G6,ELQETNAALQDVR,P49747,Yes
Q9R098,TTDVTQTFGIEK,Q04756,Yes
P16627,LLQDYFNGR,P34931,Yes
O89079,YGVVLDEIKPSSAPELQAVR,O14579,No
Q9JII6,HALSAGYR,P14550,No
Q61730,VAFPLEVVQK,Q9NPH3,Yes
P35330,LTLSLLR,P13598,No
Q61468,TFLGGASVK,Q13421,No
O35516,ALGTLLHTNLR,Q04721,Yes
P35123,VEVYLLELK,Q13107,Yes
P50114,ELINNELSHFLEEIK,P04271,Yes
P63038,GIIDPTK,P10809,Yes
P70398,NHQNLLDSLEQYVK,Q93008,Yes
A6X8Z5,TVTTGGFFIPATK,Q2M1Z3,Yes
Q91VH6,SIEHLDK,Q9Y316,Yes
O08553,NLHQSGFSLSGAQIDDNIPR,Q16555,Yes
Q9QYR6,VVSNTIEPLTLFHK,P78559,Yes
O88587,VSILIGASQDLIPQLK,P21964,No
P46638,NILTEIYR,Q15907,Yes
Q9WUT3,ATDAEYAVK,Q15349,No
Q91XE0,LFPSLLDTK,Q6IB77,No
Q8K135,ISEDTAILK,Q8IZA0,Yes
Q9WV54,PLTVNLDFQR,Q13510,Yes
Q60676,LLYPDHFHLLR,P53041,Yes
P11680,LVVEEK,P27918,Yes
P97464,FTAVIHAVTPLVSQSQPVLK,Q16394,Yes
P09671,GDVTTQVALQPALK,P04179,No
Q05D44,TSEVPYAGINIGPVHK,O60841,Yes
Q8K558,SSDSGLPSDIPHVR,Q86YW5,No
Q6VH22,SHYGYEVEEVK,Q9UG01,Yes
P61027,AFLTLAEDILR,P61026,Yes
Q8BKX1,EGDLITLLVPEAR,Q9UQB8,Yes
Q9QZB7,TAVVIDLGEAFTK,Q9NZ32,Yes
P51125,GVVPEDAVETLAGSLGTR,P20810,No
P52795,GGSGTAGTEPSDIIIPLR,P98172,Yes
Q9CWS0,TPEEYPESAK,O94760,Yes
P05367,ESFQEFFGR,P0DJI8,No
Q61206,ELFSPLHALNFGIGGDTTR,P68402,Yes
P24549,ILDLIESGK,P00352,Yes
P60867,LIDLHSPSEIVK,P60866,Yes
P80313,LLDVVHPAAK,Q99832,Yes
P00920,IGPASQGLQK,P00918,No
Q920E5,GLTVVQAFQELVEPK,P14324,No
Q99LM2,VTEFLQQK,Q96JB5,Yes
P33587,LGEYDLR,P04070,Yes
Q8CIE6,LLHDQVGVIQFGPYK,P53621,Yes
Q9D1M0,NGGQILIADLR,P55735,Yes
Q99KB8,HVEPGNAAIQEK,Q16775,No
Q9D0T1,NVPYVFVR,P55769,Yes
O35737,IQNGAQGIR,P31943,Yes
P62960,GAEAANVTGPGGVPVQGSK,P67809,Yes
P61922,EDLLNNVAR,P80404,No
O55135,HGLLVPNNTTDQELQHIR,P56537,Yes
P48758,FSGDVVLAAR,P16152,No
Q922U2,YEELQQTAGR,P13647,Yes
Q8BH35,GGTSEDITALAYK,P07358,No
Q9CPV4,LELQGIQGAVDHAAAFGR,Q9HC38,No
Q3TCJ1,ISLAIPNLGNTSQQEYK,Q15018,Yes
P53994,TASNVEEAFINTAK,P61019,Yes
P60710,VAPEEHPVLLTEAPLNPK,P60709,Yes
P10126,EVSTYIK,P68104,Yes
Q91VA0,GDDVINASGYR,Q08AH1,No
Q01149,GVVGPQGAR,P08123,Yes
P63328,TQEHFTHNTVR,Q08209,Yes
P24270,NFTDVHPDYGAR,P04040,No
Q60675,SGFFNLQEDNQK,P24043,No
O89020,AAPITQYLK,P43652,No
O70250,HNYYTSISK,P15259,No
Q07456,DSLLQEFK,P02760,No
Q9JMA1,AQLFALTGVQPAR,P54578,Yes
Q9D0M5,DIAAYIK,Q96FJ2,Yes
Q61206,NGELENIKPK,P68402,Yes
P22437,LQPFNEYR,P23219,Yes
P49442,TLADVLVQEVIK,P49441,Yes
P62334,ALQSVGQIVGEVLK,P62333,Yes
P99027,NIEDVIAQGVGK,P05387,No
Q9WV60,DIKPQNLLLDPDTAVLK,P49841,Yes
P62264,TPGPGAQSALR,P62263,Yes
P08226,LGPLVEQGR,P02649,Yes
Q9Z0M9,ALVLEELSPTLR,O95998,No
Q7TMM9,INVYYNEAAGNK,Q13885,Yes
Q9CQE5,ASSQVNVEGQSR,O43665,Yes
P01592,IIPSTEDPNEDIVER,P01591,No
P62717,IFAPNHVVAK,Q02543,Yes
P31428,GLLADNLIR,P16444,No
Q3UQ44,LPYDVTTEQALTYPEVK,Q13576,Yes
Q9DD06,SLQVALEEFHK,Q99969,No
Q9QUM9,HITIFSPEGR,P60900,Yes
P41216,VLQPTIFPVVPR,P33121,No
Q8K1B8,VVLAGGVAPTLFR,Q86UX7,No
P63260,VAPEEHPVLLTEAPLNPK,P63261,Yes
P01942,VDPVNFK,P69905,Yes
Q61285,TEAFTTAR,Q9UBJ2,Yes
Q91X52,AAGAQVVAVSR,Q7Z4W1,No
Q9DC61,LYLNVLNR,Q10713,Yes
P52480,GDLGIEIPAEK,P14618,Yes
Q00898,LAQIHIPR,P01009,No
P62897,TGPNLHGLFGR,P99999,Yes
Q8R016,VSALIQK,Q13867,No
P48758,TNFFGTR,P16152,Yes
Q93092,LAPALSVK,P37837,No
P97449,ADNSATGFGTGTR,P15144,No
Q9DC11,IYGPADSASR,Q6UX71,No
P97290,LSEALTDFSVK,P05155,No
Q9Z2Z6,EGITGLYR,O43772,Yes
P50516,LPANHPLLTGQR,P38606,Yes
P61222,LKPDEGGEVPVLNVSYKPQK,P61221,Yes
P05201,VGGVQSLGGTGALR,P17174,Yes
P63001,EIGAVK,P63000,Yes
P24369,TVDNFVALATGEK,P23284,Yes
Q7TPZ8,FPNSEVEVK,P15085,No
P70290,IAILDIEPQTLK,Q00013,Yes
O88569,YHTINGHNAEVR,P22626,Yes
Q60759,HNPSNQSYTLSGTK,Q92947,No
P15208,TIDSVTSAQELR,P06213,Yes
P60755,LLSPVFSIAPK,Q7Z553,Yes
Q924A2,VLSEVDFEER,Q96RK0,Yes
P11725,SLVFPEAENR,P00480,Yes
Q7TNV0,IHFFLSK,P35659,Yes
P18293,ITDYGLESFR,P16066,Yes
Q9D6Y9,LEAALADVPELAR,Q04446,No
Q9Z160,ALQLLYDLR,Q8WTW3,Yes
Q91YI0,DVLFPGYTHLQR,P04424,Yes
O08795,ETVVTSTTEPSR,P14314,No
Q9JJZ2,IHFPLVTYAPIISAEK,Q9NY65,Yes
Q9CQ92,GLLQTEPQNNQAK,Q9Y3D6,Yes
Q9CQI3,FIVYSYK,P60983,Yes
Q5S006,ALDLLLDSGK,Q5S007,No
P35700,ADEGISFR,Q06830,Yes
Q6ZQI3,FAEVYFAQSQQK,Q14165,Yes
Q9Z1L4,VFYGNSDR,O15537,Yes
P11438,ALQATVGNSYK,P11279,Yes
Q7TQ48,LIGIEVPHK,Q86TD4,Yes
P80315,GIHPTIISESFQK,P50991,Yes
P32067,EGIILFK,P05455,Yes
P00405,TDAIPGR,P00403,Yes
Q9CXW4,YDGIILPGK,P62913,Yes
P28738,ATEILNLLLK,O60282,Yes
P11672,ELSPELK,P80188,No
P97494,YDSIDSYLSK,P48506,Yes
Q9QZD8,VHLQTQQEVK,Q9UBX3,Yes
Q9WVK4,ELVNNLGEIYQK,Q9H4M9,Yes
P68254,AVTEQGAELSNEER,P27348,Yes
Q68FH4,LIEFSPLR,Q01415,Yes
Q8CGC7,VYEELLAIPVVR,P07814,No
P59325,VNILFDFVK,P55010,Yes
Q01320,TLAVSGLGVVGR,P11388,Yes
Q69Z99,YTRPGLPTFSQEVLHK,Q96ME7,Yes
Q00724,DPNGLSPETR,P02753,No
Q8K182,HTNLGPLETK,P07357,No
Q8K370,GGLVISPEGLSPAVR,Q6JQN1,No
P46460,LLDYVPIGPR,P46459,Yes
Q8R081,FSTPEQAAK,P14866,Yes
Q9D9T8,YVTPSDFDQLK,Q5JVL4,Yes
Q8VDQ1,TGNVAEQLR,Q8N8N7,No
Q9EPC1,DLAEDLYDGQVLQK,Q9NVD7,Yes
P35441,FVFGTTPEDILR,P07996,Yes
P68033,VAPEEHPTLLTEAPLNPK,P68032,Yes
Q91V80,LIQYYYDEK,Q13790,No
O08749,IDVSVEAASGGK,P09622,No
Q3USB7,IANEYPEDFVNYNK,Q15111,Yes
Q8BRN9,AGQPIDLSK,Q5T0F9,No
P62696,IILYENPNFTGK,P43320,Yes
Q62425,FYSVNVDYSK,O00483,Yes
Q9D9Z5,EYPSEQIIVTEK,Q9BW61,Yes
Q91YR1,HQTLQGVAFPISR,Q12792,Yes
P10649,YIATPIFSK,P46439,No
P60335,IITLTGPTNAIFK,Q15365,Yes
Q9DBG5,LEPQIATASEYAHR,O60664,No
Q6PHZ2,FTDEYQLFEELGK,Q13557,Yes
O88685,DAFALAK,P17980,Yes
O88545,ASEAGEVPFNHEILR,Q7L5N1,Yes
P62259,YLAEFATGNDR,P62258,Yes
P45377,ALGVSNFNHFQIER,O60218,No
Q9DBB9,VVFLNTQVR,P22792,No
Q06806,VLYVHNSPGAHLFPDK,P35590,No
Q05909,AYIATQGPLK,P23470,Yes
P17182,TIAPALVSK,P06733,Yes
P00687,VYVGNDGK,P04746,No
P09813,THEQLTPLVR,P02652,No
P13020,HVVPNEVVVQR,P06396,Yes
O55098,ALEEDLNQK,O94804,Yes
O35678,IDSSVLSR,Q99685,Yes
E9Q4Z2,LGGIPVGVIAVETR,O00763,Yes
O89110,GVVYGTDGK,Q14790,No
P26039,AVAEQIPLLVQGVR,Q9Y490,Yes
Q9D358,IELLGSYDPQK,P24666,Yes
Q8CDN6,IFINLPR,O43396,Yes
Q64133,DVPALEITHTFLER,P21397,No
P08752,IAQSDYIPTQQDVLR,P04899,Yes
Q9CX80,SEELSEAER,Q8WWM9,Yes
Q0VAV2,ILQVLER,Q8NEV8,Yes
P80318,TAVETAVLLLR,P49368,Yes
Q7TT50,TSSLLILTENENEK,Q9Y5S2,Yes
O35969,AAPAAYDASDTHLQILGK,Q14353,No
P52503,ITHTGQVYDEK,O75380,No
Q8CIB5,TSTILGDITSIPELADYIK,Q96AC1,Yes
Q9EPB4,TGHFVDQHR,Q9ULZ3,No
Q9JJN5,EALIQFLEQVHQGIK,P15169,Yes
P99026,FQIATVTEK,P28070,Yes
A6H630,TPQILTK,Q9H993,No
P61407,EIQEAAATR,O60522,Yes
P20444,GTEELYAIK,P17252,Yes
Q9CZ04,VTGQNQEQFLLLAK,Q9UBW8,Yes
O09012,DLFLAAVR,P50542,No
Q80SW1,VVLLAEGR,O43865,Yes
Q6P253,AQPGLLK,Q6E0U4,No
P51855,VGLLEALLPGQPEAVAR,P48637,No
Q8BK64,ETFLTSPEELYR,O95433,Yes
P04247,GQHAAEIQPLAQSHATK,P02144,No
Q3U0B3,SAGYPGTLIPYR,Q6UWP2,Yes
Q01279,IPLENLQIIR,P00533,Yes
P05202,FVTVQTISGTGALR,P00505,Yes
Q9R1P4,ETLPAEQDLTTK,P25786,Yes
Q6NZB0,ALDVIQAGK,O75937,Yes
Q9EQF6,VHAENGELVAEGAK,Q9BPU6,Yes
P14873,VLFPGNSTQYNILEGLEK,P46821,Yes
Q64310,QYLPHVAR,O15260,Yes
Q3UHX2,GVEGLIDIENPNR,Q13442,Yes
P62301,GLAPDLPEDLYHLIK,P62277,Yes
A2A432,ETVEEQASTTER,Q13620,Yes
P51658,DIQHAISAR,P37059,No
Q8R4K8,AYLDVNELK,Q13219,Yes
Q8R3K3,DSPALIAR,Q8WV60,No
Q9JK48,TELDAHLENLLSK,Q9Y371,Yes
Q9D5Y1,LDFETLK,Q9UFE4,Yes
P05017,GFYFNKPTGYGSSIR,P05019,No
Q08642,ILIGSSFPLSGGR,Q9Y2J8,Yes
P13707,ANTIGISLIK,P21695,No
P52843,EDQVTNGLK,Q06520,No
Q9D1M4,DLNSYLEDK,O43324,Yes
Q8K0E8,AHYGGFTVQNEASK,P02675,No
O55111,ITHQESTSVLLQQSER,Q14126,No
Q9DAR7,DLTPEHLPLLR,Q96C86,Yes
Q61012,DYIEER,P63211,No
Q64339,IGVPAFQQR,P05161,No
Q8K2C9,EGSPETLTNLK,Q9P035,No
Q9D8U8,ALIDYENSNK,Q9Y5X3,Yes
Q9JIF7,EAGELKPEEEITVGPVQK,P53618,Yes
P70663,LLAGDHPIELLLR,Q14515,No
Q91VI7,ALSQPDTVLR,P13489,No
P12367,GTYDILVTK,P13861,Yes
Q9D1H6,DVNSLLK,Q9P032,Yes
Q8QZT1,LNVKPLAR,P24752,No
P62830,GSAITGPVAK,P62829,Yes
P20029,NQLTSNPENTVFDAK,P11021,Yes
P21614,VLEPTLK,P02774,Yes
P56564,IVQVTAADAFLDLIR,P43003,No
P11688,TPDFFGSALR,P08648,Yes
Q02566,GQSVQQVYYSIGALAK,P13533,Yes
P39053,HIFALFNTEQR,Q05193,Yes
P31786,QATVGDVNTDR,P07108,No
O35598,EAVIAQISSHVK,O14672,Yes
Q61753,GGIVDEGALLR,O43175,Yes
Q921F4,ITRPGNTDDPSGGNK,Q8WVV9,Yes
P49182,GETHEEVHSVLHFR,P05546,No
Q07968,IAQYYYTFK,P05160,Yes
O08553,VFNLYPR,Q16555,Yes
Q9CR51,EEAQAEIEQYR,O75348,Yes
Q91Y97,ALQASALAAWGGK,P05062,Yes
Q6P069,LSPQTVNSVAK,P30626,No
Q63886,VVYSPYGSLATEILQK,P22309,No
P35505,FGEPIPISK,P16930,No
Q9D4H2,TQLATLTSSLATVTQEK,Q96CN9,Yes
Q9CZW5,NVDLSTFYQNR,O94826,Yes
Q64737,FEGAIYR,P22102,Yes
P62737,VAPEEHPTLLTEAPLNPK,P62736,Yes
P70195,GTTAVLTEK,Q99436,Yes
P67984,AGNLGGGVVTIER,P35268,Yes
O70475,IAILGFAFK,O60701,Yes
P15105,DIVEAHYR,P15104,Yes
Q8VEE1,SEALGVGEVALPGQGGLPK,Q9NZU5,Yes
Q64726,VIPGGNR,P25311,No
Q8CCK0,GVTIASGGVLPR,Q9P0M6,Yes
Q9CY50,GEDFPANNIVK,P43307,Yes
P24547,NLIDAGVDALR,P12268,Yes
Q8BMP6,NANKPLLDEIVPVYR,Q9H3P7,Yes
P97333,IAPSPVVSSGPFLFIK,O14786,No
P21550,IEEALGDK,P13929,Yes
Q5XJY5,LFTAESLIGLK,P48444,Yes
P61939,AVLHIGEEGTK,P05543,No
P34022,LEALSVR,P43487,No
Q5S003,LTLPLIGK,Q6Q759,Yes
P07214,LEAGDHPVELLAR,P09486,Yes
Q80YT5,VTTALLAR,Q8TB22,Yes
P11404,SLGVGFATR,P05413,Yes
Q9WTI7,GEELLSPLNLEQAAYAR,O00159,Yes
P56213,FSFLPGGAR,P55789,No
Q05920,VVHSYEELEENYTR,P11498,Yes
O70435,SNFGYNIPLK,P25788,Yes
Q9CPT4,SEEFEVTK,Q969H8,No
O70439,TLNQLGTPQDSPELR,O15400,Yes
O70468,AHNVAGPGGPIVTK,Q14896,No
O89086,YDSRPGGYGYGYGR,P98179,Yes
P00186,IHEELDTVVGR,P05177,No
P07743,NSILETLNTADLGNLK,Q96DR5,No
Q8VI75,ELLLPDTER,Q8TEX9,Yes
Q91X83,YLDEDTVYHLQPSGR,Q00266,Yes
Q8BPB5,SGNENGEFYLR,Q12805,Yes
P05784,AQYEALAQK,P05783,No
Q03311,YLTLNTEK,P06276,No
Q9D2V7,SLQSLLGPSSK,P57737,Yes
Q91XA2,IQSSHSFQLENVNK,Q8NBJ4,No
Q61490,SVQYDDVPEYK,Q13740,Yes
Q8CI94,LVTSIGDVVNHDPVVGDR,P11216,Yes
P04925,ESQAYYDGR,P04156,F7VJQ1,No
Q02357,ELLDFVPK,P16157,Yes
Q62465,TVENVTVFGTASASK,Q99536,Yes
Q3UIU2,DQELSPR,O95139,Yes
P20443,TLVLVPLLANNR,P10523,No
Q9Z0L8,YIESAGAR,Q92820,No
P84099,LLADQAEAR,P84098,Yes
P09581,LEIPLNSDFQDNYYK,P07333,No
Q9CPW4,ALAAGGVGSIVR,O15511,Yes
P68037,IYHPNIDEK,P68036,Yes
P20357,VGSLDNAHHVPGGGNVK,P11137,Yes
P34884,LHISPDR,P14174,No
Q9CPX6,ALEVAEYLTPVLK,Q9NT62,Yes
P61961,FAAEEFK,P61960,Yes
P46412,QEPGENSEILPSLK,P22352,No
P42859,AFIANLK,P42858,Yes
Q8R146,SFNLSALEK,P13798,Yes
Q9R257,EDVSYEER,Q9NRV9,No
P53986,SITVFFK,P53985,Yes
P21180,VPAHFVALNGNR,P06681,No
Q923D4,WEWLVNQHR,Q9BWJ5,Yes
P62320,VAQLEQVYIR,P62318,Yes
Q8BMA6,DLPDVQELITQVR,Q9UHB9,Yes
Q9CQZ5,VVDLLVIK,P56556,Yes
P58389,LVALLDTLDR,Q15257,No
Q9DBM2,GTQLLPR,Q08426,Yes
Q9WTP6,NGFLLDGFPR,P54819,Yes
Q01339,YTSFEYPK,P02749,No
Q9D9V3,VIELENWTEGK,Q9NTX5,Yes
Q60605,EAFQLFDR,P60660,Yes
P63038,NAGVEGSLIVEK,P10809,Yes
O88342,VFASLPQVER,O75083,Yes
Q9DAK9,VSGELQR,Q9NRX4,No
P01027,GTLSVVAVYHAK,P01024,No
P61161,VGNIEIK,P61160,Yes
O35344,IEVLQQHENEDIYK,O00505,Yes
Q9Z2K1,ASLENSLEETK,P08779,Yes
Q9QUT0,FFSPLLANK,Q02094,No
Q91WP6,AVLDVAETGTEAAAATGVK,P01011,No
O54974,GQPFEVLLIATEEGFK,P47929,No
Q9D3D9,AQSELSGAADEAAR,P30049,No
P13439,FADIGNTVK,P11172,Yes
Q19LI2,TPFAVASTR,P04217,No
Q3TCH7,TLGHNLLVSELYNQLK,Q13619,Yes
Q9R0A0,VQELAHELATAK,O75381,No
Q9WVB0,FDPEIPQTLR,Q93062,Yes
Q9JLB4,IFGNDNIVGTHGK,O60494,Yes
Q99KI0,IVYGHLDDPANQEIER,Q99798,No
P50247,VPAINVNDSVTK,P23526,Yes
Q8BGH2,DVVVQHVHFDGLGR,Q9Y512,Yes
Q8VCI5,DVLYPSLK,P40855,Yes
Q9R069,LASVEPQGSEFLGTVHSLGR,P50895,No
Q3UZ09,GYGFYTK,Q9NZP8,No
O35594,NLEVELR,Q8WYA0,No
Q9EQ06,SVAGEIVLITGAGHGIGR,Q8NBQ5,No
P05063,VLAAVYK,P09972,Yes
P63037,TIVITSHPGQIVK,P31689,Yes
Q9CZD3,TFFSFPAVVAPFK,P41250,Yes
P61082,GGYIGSTYFER,P61081,Yes
Q9WTQ5,GAVYVSEELSK,Q02952,No
P51150,VIILGDSGVGK,P51149,Yes
P61804,FLEEYLSSTPQR,P61803,Yes
Q9CVB6,DNTINLIHTFR,O15144,Yes
P18242,VSSLPTVYLK,P07339,No
Q9CZM2,FHHTIGGSR,P61313,Yes
Q5XKE0,IAFQYGITDLR,Q14324,Yes
P28663,LLEAHEEQNSEAYTEAVK,Q9H115,Yes
P04186,DLEIEEVLFHPK,P00751,No
Q8BWG8,VQYAPERPGPQPTAETTR,P49407,Yes
Q6PA06,NLVPLLLAPENLVEK,Q8NHH9,Yes
Q60930,VNNSSLIGVGYTQTLRPGVK,P45880,Yes
Q8VCM7,YLQEIYNSNNQK,P02679,Yes
Q99PU5,ANVIVVDTQK,Q96GR2,No
Q61703,VQFELHYQEVK,P19823,Yes
Q8CIP4,TALAPGNDR,Q96L34,No
O88736,YATDLLNVALNR,P56937,No
P19253,LAAIVAK,P40429,Yes
Q3UM45,IEGLQSLVNLR,Q15435,No
B2RSH2,IAQPNYIPTQQDVLR,P63096,Yes
P61458,DQLLPNLR,P61457,Yes
Q9CQE8,NAEPLINLDVNNPDFK,Q9Y224,Yes
Q99LF4,QIGNVAALPGIVHR,Q9Y3I0,Yes
Q9JJU8,GDYDAFFEAR,O75368,Yes
P26443,YNLGLDLR,P00367,Yes
Q9JKR6,LYQPEYQEVSTEEQR,Q9Y4L1,Yes
Q9CY27,VEPQATISEIK,Q9NZ01,No
P15327,HYGALIGLNR,P07738,Yes
Q61496,GGGLFGSR,Q9NQI0,No
Q9WV55,AVPLNASK,Q9P0L0,Yes
Q9QYG0,LDPTQTSFLK,Q9UN36,Yes
P63017,DAGTIAGLNVLR,P11142,Yes
Q04447,DLFDPIIEER,P12277,No
P14094,AYGENIGYSEK,P05026,Yes
Q9DB15,LVESLPQEIK,P52815,Yes
Q6PFD9,LADINYEGR,P52948,Yes
P16675,ALHIPESLPR,P10619,No
Q9D8N0,TFLVGER,P26641,Yes
P61089,TNEAQAIETAR,P61088,Yes
P51180,SFAPAILTR,P30301,No
P24668,NVPAAYR,P20645,Yes
P54310,DLGQPVTLK,Q05469,No
Q5SW19,LGYEEHIPGQTR,O75153,Yes
Q9JKX4,ALLTTNQLPQPDVFPVFK,Q9NY61,No
Q80T21,GGPLGYQK,Q6UY14,Yes
O70492,FTTYEIR,O60493,Yes
Q9JL62,TLQNILEVEK,Q9NZD2,Yes
Q9WV98,FQEYHIQQNEALAAK,Q9Y5J7,Yes
Q1ERP8,EISGFEGDTVSLR,Q6UXG3,No
P08071,DNAGDVAFTR,P02788,No
Q60847,TPDEEFK,Q99715,No
Q80UU9,FYGPAGPYGIFAGR,O15173,Yes
Q9ET01,VFADYEAYVK,P06737,Yes
Q8BQ47,EVLELGQVLDTGK,Q8N129,Yes
Q9D379,NIYSLTPLLGQR,P07099,No
Q9QXC1,HVPLIQPVEK,Q9UGM5,No
Q78PY7,SSHYDELLAAEAR,Q7KZF4,Yes
Q99LX0,VTVAGLAGK,Q99497,Yes
Q9WU19,HGVDGILVSNHGAR,Q9UJM8,No
Q18PI6,IEIIDQK,Q9UIB8,No
Q64362,HGLYQDGVFK,Q9H8T0,Yes
Q9QYC0,SLVQGELVTASK,P35611,Yes
P62242,ADGYVLEGK,P62241,Yes
O08807,VSVADHSLHLSK,Q13162,Yes
Q8BHC1,DIYELVK,Q96DA2,Yes
Q9CQW2,DLPNALDEK,Q9NVJ2,Yes
O35206,GGVLFAITDAFQK,P39059,Yes
P41317,DIAYLGITDVR,P11226,No
Q9QYB8,VNILGEVVEK,P35612,Yes
Q9DBK0,IGQIITIR,Q8WYK0,No
Q8BK67,DGQILPVPNVVVR,Q9P258,Yes
P13597,GEEILSR,P05362,No
Q61171,NDEGIAYR,P32119,No
P54726,ILSDDVPIK,P54725,No
Q6PGC1,LTPLGQHLAALPVNVK,Q7Z478,Yes
Q9WTL7,NFPQAANGSAK,O95372,No
Q922R8,GSTAPVGGGSFPTITPR,Q15084,No
P51910,IPASFEK,P05090,No
P61264,AIEQSIEQEEGLNR,P61266,Yes
O08756,DLAPTGIR,Q99714,No
P26041,ALTSELANAR,P26038,Yes
P24452,YSPNTQVEILPQGR,P40121,No
Q99MD6,SSGLDITQK,Q6F5E7,Q86VQ6,No
P55302,LAELHSDLK,P30533,No
Q9D898,ALAVGGLGSIIR,Q9BPX5,Yes
Q60751,GNLLINIR,P08069,Yes
Q9D3E6,NLLAAFSK,Q8WVM7,Yes
Q61176,ANEELAGVVAEVQK,P05089,No
O35459,AVVVSGAGK,Q13011,No
P26516,SVVALHNLINNK,P51665,Yes
P09541,ALGQNPTNAEVLR,P12829,Yes
Q9QWK4,IYGPGAGR,O43866,No
Q9WVH9,YPGAYYIFQIK,Q9UBX5,Yes
Q9CX00,YLIEIAK,P53990,Yes
P53811,TVEIVHIDIADR,P48739,Yes
P80560,EIDIAATLEHLR,Q92932,Yes
O70194,IFHTVTTTDDPVIR,O15371,Yes
P62838,ELNDLAR,P62837,Yes
Q99KK2,EVTEPLNLNPAK,Q8NFW8,Yes
Q8CB27,EALPVLTR,Q5VVQ6,No
P01942,TYFPHFDVSHGSAQVK,P69905,No
Q9JIX8,GLLVDRPSETK,Q9UKV3,Yes
Q9WVA4,EDVGQPQPGR,P37802,No
O88952,IIPGGIADR,Q9NUP9,Yes
Q62468,AAISDSVVEPAAK,P09327,No
Q11011,VLGATLSPELIQK,P55786,No
Q922E4,TQGVSTTDLVGR,Q99447,Yes
P32261,DDLYVSDAFHK,P01008,Yes
Q00898,VINDFVEK,P01009,No
Q9EPX2,VALPAPAAQSR,O95428,No
Q99JY9,EFSIDVGYER,P61158,Yes
P04202,LHVEINGISPK,P01137,No
Q8BP67,VFQFLNAK,P83731,Yes
Q91WP0,WPEPVFGR,O00187,Yes
O09165,VINVNAK,P31415,Yes
Q3UZA1,AEGTTIAEPDTK,Q6JBY9,No
Q9CXY6,ILPTLEAVAALGNK,Q12905,Yes
P27773,FAHTNIESLVK,P30101,No
P35486,AHGFTFTR,P08559,Yes
Q9CQI6,EVVQNFAK,Q14019,Yes
P21570,DVNTFIHGNK,P03950,No
P62196,FIGEGAR,P62195,Yes
Q61598,DLGTDSQIFISR,P50395,No
P51859,DLFPYEESK,P51858,Yes
Q06890,SLLNSLEEAK,P10909,No
P26928,SPLNDFQLFR,P26927,No
Q99LJ1,DGLIVPIFQER,P04066,Yes
Q9CWK8,YLESLVQTQQQLIK,O60749,Yes
P20612,LVTPGYVPTEQDVLR,P11488,Yes
Q01768,NIIHGSDSVESAEK,P22392,No
Q9D6R2,IAEFAFEYAR,P50213,Yes
Q9R0Y5,YGYTHLSTGDLLR,P00568,Yes
Q07076,EFSGYVESGLK,P20073,Yes
P50580,HELLQPFNVLYEK,Q9UQ80,Yes
Q9EPL8,ENIVEAIIHSPELIR,O95373,Yes
Q91Y97,VLAAVYK,P05062,Yes
Q921G7,TTGLHVTEYEDNLK,Q16134,No
Q62422,ALYTFEPR,Q92882,Yes
P30416,ALELDSNNEK,Q02790,Yes
O08966,GVALPETIEEAENLGR,O15245,No
P19221,TTDAEFHTFFNEK,P00734,No
O55234,ISVAAASK,P28074,Yes
P00493,VIGGDDLSTLTGK,P00492,Yes
Q3SXB8,EGAFVYSDR,Q9BWP8,No
Q60692,TTTGSYIANR,P28072,Yes
P16045,SFVLNLGK,P09382,Yes
Q61398,YDALEVFAGSGTSGQR,Q15113,Yes
Q9DCV4,AIELNPK,Q96DB5,Yes
Q9JM76,AYLQQLR,O15145,Yes
P61358,VVLVLAGR,P61353,Yes
P58252,AGIIASAR,P13639,Yes
P08551,YEEEVLSR,P07196,Yes
Q99MD9,EAQLYAAQAHLK,P49321,Yes
Q8K124,ALNEGINR,Q8TD55,Yes
P60334,TLADLIR,Q16878,Yes
Q8VC66,ILLNDYEYR,Q9Y2D8,Yes
Q60963,VAIDLTNK,Q13093,No
P13020,GGVASGFK,P06396,Yes
Q91XD4,LGLDSLAPFDPK,O95954,No
Q8VE95,LLPLAANGR,Q6P1X6,Yes
P23116,VLLATLSIPITPER,Q14152,Yes
P47962,GAVDGGLSIPHSTK,P46777,Yes
Q8QZR4,GVDSSVFEALPK,Q86UD1,Yes
Q9Z2Y8,IGSTIFGER,O94903,Yes
Q9D1G1,EFADSLGVPFLETSAK,Q9H0U4,No
Q91ZA3,LSQYQEPIHLPGVR,P05165,No
Q64727,ALASQLQDSLK,P18206,Yes
Q60932,VTQSNFAVGYK,P21796,Yes
Q9R097,YTSGFDELQNIHFLSDK,O43278,No
P62858,EGDVLTLLESER,P62857,Yes
P17742,FEDENFILK,P62937,Yes
Q61166,LEHEYIQNFK,Q15691,Yes
P63276,LGNDFHTNK,P08708,Yes
P08228,VISLSGEHSIIGR,P00441,No
Q61233,VYALPEDLVEVNPK,P13796,Yes
P10605,HFGYTSYSVSNSVK,P07858,No
P42925,LYPVLTK,Q9NR77,Yes
Q80YX1,FTTDLDSPR,P24821,Yes
P49722,SILYDER,P25787,Yes
P06796,SPAPISK,P07498,No
B9EKI3,LGESQTLLAAAVER,P82094,Yes
Q9JJL3,SSITQIER,Q9NPD5,No
P45878,LVIPSELGYGER,P26885,Yes
Q9QUR6,NILQLHDLTTGALLK,P48147,Yes
Q3THK7,SGNIVAGIANESK,P49915,Yes
P07309,TAESGELHGLTTDEK,P02766,No
Q9R1P4,THAVLVALK,P25786,Yes
Q6P5D8,IAHLAQIEDDR,A6NHR9,Yes
G5E829,TSPNEGLSGNPADLER,P20020,Yes
P62827,NLQYYDISAK,P62826,Yes
P33434,IDAVYEAPQEEK,P08253,Yes
Q8R191,AGAAFDPVSFAR,O43761,No
Q78JT3,ELPFPLNTR,P46952,No
Q9D819,DISDVER,Q15181,No
G5E8K5,VGLQAQPVPEETVK,Q12955,No
Q11136,STLFVPR,P12955,Yes
O89053,HVFGQPAK,P31146,Yes
Q8VEE4,SAEDVGLK,P27694,No
P09535,GFYFSRPSSR,P01344,No
Q9Z1R2,SFFHQHYLGGQEPTPSNIR,P46379,Yes
P15508,LLSGEDVGQDEGATR,P11277,Yes
Q8CIZ8,LSSETFGFAAR,P04275,No
Q61823,APQLVGQFIAR,Q53EL6,Yes
Q9D7Q1,GLVDAGYEVDK,Q13231,No
P53657,GDLGIEIPAEK,P30613,Yes
O54943,ASTLATLK,O15055,Yes
Q8VDN2,AVFQANQENLPILK,P05023,Yes
Q6P5F9,DFEEYPEHR,O14980,Yes
P97461,QAVDVSPLR,P46782,Yes
Q6ZWX6,VVTDTDETELAR,P05198,Yes
P97298,LTFPLDYHLNQPFLFVLR,P36955,No
O70252,AENTQFVK,P30519,Yes
P05063,ELSDIALR,P09972,Yes
P09103,SNFEEALAAHK,P07237,No
P52480,GSGTAEVELK,P14618,Yes
P52194,LLADTGDLILENFYDK,O14967,No
Q9Z2U0,NYTDDAIETDDLTIK,O14818,No
Q62009,LLYPADIPVGNDQLLELLNK,Q15063,No
P14152,GEFITTVQQR,P40925,No
Q9CPY7,GVLFASGQNLAR,P28838,Yes
Q8VDK1,FPELSLK,Q86X76,No
P30115,YFPAFEK,Q16772,Yes
O55022,DFTPAELR,O00264,Yes
P11499,IDIIPNPQER,P08238,Yes
Q921X9,LLSTVAQAVK,Q14554,Yes
E9PV24,EINLQDYEGHQK,P02671,No
Q64437,GVLADGTTR,P40394,Yes
P68510,AVTELNEPLSNEDR,Q04917,Yes
P84084,TTILYK,P84085,Yes
Q9DAN1,ETELQQEFDITHAPELK,Q8N807,No
O89001,IVIVPSLNPDGR,O75976,Yes
Q99JI4,GAEILEVLHSLPAVR,Q15008,Yes
Q61160,ELLASLR,Q13158,Yes
Q8VHL5,ITLYEGK,Q8WXF5,Yes
Q6P5E4,VDALLSAQPK,Q9NYU2,Yes
P26040,ELSEQIEK,P15311,No
Q9CZ30,EIEVLNK,Q9NTK5,Yes
P29341,GYGFVHFETQEAAER,P11940,Yes
Q9JKF1,LAAVAAINAAIQK,P46940,No
Q61024,VEPFLPGHYEVLDLKPNGK,P08243,Yes
Q8K1M6,VPVGDQPK,O00429,Yes
Q6PB66,DLPITEAVFSALVTGHAR,P42704,No
P22892,VLAINILGR,O43747,Yes
Q99PT1,VAVSADPNVPNVIVTR,P52565,No
P23927,VLGDVIEVHGK,P02511,Yes
P58802,YLPGYYSEK,Q9BXI6,Yes
O08529,NFFLTTR,P17655,No
P55264,YSLKPNDQILAEDK,P55263,Yes
P14148,TTHFVEGGDAGNR,P18124,Yes
O35488,DETLTYAQVDR,O14975,Yes
Q99KR8,YNPGYLLPHK,Q9BTY2,No
Q61147,DIFTGLIGPMK,P00450,Yes
Q99J45,ELLFHPALFEVPSLK,Q9UHY1,Yes
Q7TME0,ANADVEIITPR,Q7Z2D5,Yes
Q61646,NQLVEIEK,P00738,No
P28798,LPDPQILK,P28799,No
Q61702,AAVLGESAGLVR,P19827,No
Q8K400,LLQPVIVSPSGTILR,Q5T5C0,Yes
Q61477,LALFPDK,P41271,Yes
P14602,AQIGGPEAGK,P04792,No
Q64446,ATHVGNDTTLAQIVK,P35670,Yes
Q9CQM5,TIFAYFSGSK,Q9BRA2,No
D3YXK2,GVPVISVK,Q15424,Yes
Q9EQH2,GIVQYLQK,Q9NZ08,Yes
Q9D1X0,GVLTGPEYEALDALPDAER,O60936,Yes
Q9WVL0,VITSGFNALEK,O43708,No
P35564,APVPTGEVYFADSFDR,P27824,Yes
Q91V41,TGENVEDAFLEAAK,P61106,Yes
Q921F4,VSVSPVVHVR,Q8WVV9,Yes
Q99JY0,AALSGLLHR,P55084,No
Q80YC5,DAPDGPTVVLTVDGR,P00748,No
Q03265,ILGADTSVDLEETGR,P25705,Yes